{
  "Version": 1,
  "ManifestType": "Publish",
  "Endpoints": [
    {
      "Route": "index.04fnp3a3ty.html",
      "AssetFile": "index.html",
      "Selectors": [],
      "ResponseHeaders": [
        {
          "Name": "Accept-Ranges",
          "Value": "bytes"
        },
        {
          "Name": "Cache-Control",
          "Value": "max-age=31536000, immutable"
        },
        {
          "Name": "Content-Length",
          "Value": "798"
        },
        {
          "Name": "Content-Type",
          "Value": "text/html"
        },
        {
          "Name": "ETag",
          "Value": "\"wE7IgGmHUSPK/QBYk91d5Zzp2jRheDWzmRiQFFnSXgs=\""
        },
        {
          "Name": "Last-Modified",
          "Value": "Sat, 14 Jun 2025 14:05:10 GMT"
        }
      ],
      "EndpointProperties": [
        {
          "Name": "fingerprint",
          "Value": "04fnp3a3ty"
        },
        {
          "Name": "integrity",
          "Value": "sha256-wE7IgGmHUSPK/QBYk91d5Zzp2jRheDWzmRiQFFnSXgs="
        },
        {
          "Name": "label",
          "Value": "index.html"
        }
      ]
    },
    {
      "Route": "index.html",
      "AssetFile": "index.html",
      "Selectors": [],
      "ResponseHeaders": [
        {
          "Name": "Accept-Ranges",
          "Value": "bytes"
        },
        {
          "Name": "Cache-Control",
          "Value": "no-cache"
        },
        {
          "Name": "Content-Length",
          "Value": "798"
        },
        {
          "Name": "Content-Type",
          "Value": "text/html"
        },
        {
          "Name": "ETag",
          "Value": "\"wE7IgGmHUSPK/QBYk91d5Zzp2jRheDWzmRiQFFnSXgs=\""
        },
        {
          "Name": "Last-Modified",
          "Value": "Sat, 14 Jun 2025 14:05:10 GMT"
        }
      ],
      "EndpointProperties": [
        {
          "Name": "integrity",
          "Value": "sha256-wE7IgGmHUSPK/QBYk91d5Zzp2jRheDWzmRiQFFnSXgs="
        }
      ]
    }
  ]
}